index,20211117
000001,0.0
000002,0.0
000003,0.0
000004,0.0
000005,0.0
000006,-0.004463848886516444
000007,0.0
000008,0.0
000009,0.0
000010,0.0
000011,0.0
000012,0.0
000013,0.0
000014,0.0
000015,0.0
000016,0.0
000017,0.0
000018,0.0
000019,0.0
000020,0.0
000021,0.0
000023,0.0
000024,0.0
000025,0.0
000026,0.0
000027,0.0
000028,0.0
000029,0.0
000030,0.0
000031,0.0
000032,0.0
000033,0.0
000034,0.0
000035,0.0
000036,0.0
000037,0.0
000038,0.0
000039,0.0
000040,0.0
000042,0.0
000045,0.0
000046,0.0
000047,0.0
000048,0.0
000049,0.0
000050,0.0
000055,0.0
000056,0.0
000058,-0.004463848711924938
000059,0.0
000060,0.0
000061,0.0
000062,0.0
000063,0.0
000065,0.05546384893258027
000066,0.0
000068,0.0
000069,0.0
000070,-0.004463848569061696
000078,0.0
000088,-0.004463848906243143
000089,0.0
000090,0.0
000096,0.0
000099,0.0
000100,0.0
000150,0.0
000151,0.0
000153,0.0
000155,0.0
000156,0.0
000157,0.0
000158,0.0
000159,0.0
000166,0.0
000301,0.0
000333,0.0
000338,0.0
000400,0.0
000401,0.0
000402,0.0
000403,0.0
000404,0.0
000405,0.0
000406,0.0
000407,0.0
000408,0.0
000409,0.0
000410,0.0
000411,0.0
000412,0.0
000413,0.0
000415,0.0
000416,0.0
000417,0.0
000418,0.0
000419,0.0
000420,0.0
000421,0.0
000422,0.0
000423,0.0
000425,0.0
000426,0.0
000428,0.0
000429,0.0
000430,0.0
000488,0.0
000498,0.0
000501,0.0
000502,0.0
000503,0.0
000504,0.0
000505,0.0
000506,0.0
000507,0.055463848926589725
000508,0.0
000509,0.0
000510,0.0
000511,0.0
000513,0.0
000514,0.0
000515,0.0
000516,0.0
000517,0.037158796590495244
000518,0.0
000519,0.0
000520,0.0
000521,0.0
000522,0.0
000523,0.0
000524,0.0
000525,0.0
000526,0.0
000527,0.0
000528,0.0
000529,0.0
000530,0.0
000531,0.0
000532,0.0
000533,0.0
000534,0.0
000535,0.0
000536,0.0
000537,0.0
000538,0.0
000539,0.0
000540,0.0
000541,0.0
000542,0.0
000543,0.0
000544,-0.004463848875759126
000545,0.0
000546,0.0
000547,0.0
000548,0.0
000549,0.0
000550,0.0
000551,0.0
000552,0.0
000553,0.0
000554,0.0
000555,0.0
000556,0.0
000557,0.05546384894168943
000558,0.0
000559,0.0
000560,0.0
000561,0.0
000562,0.0
000563,0.0
000564,0.0
000565,0.0
000566,0.0
000567,0.0
000568,0.0
000569,0.0
000570,0.0
000571,0.0
000572,0.0
000573,0.0
000576,0.0
000578,0.0
000581,0.0
000582,-0.004463848874065293
000583,0.0
000584,0.0
000585,0.0
000586,0.0
000587,0.0
000588,0.0
000589,0.0
000590,0.0
000591,0.0
000592,0.0
000593,0.0
000594,0.0
000595,0.0
000596,0.0
000597,0.0
000598,0.0
000599,0.0
000600,0.0
000601,0.0
000602,0.0
000603,0.0
000605,0.0
000606,0.0
000607,0.0
000608,0.0
000609,0.0
000610,0.0
000611,0.0
000612,0.0
000613,0.0
000615,0.0
000616,0.0
000617,0.0
000618,0.0
000619,0.0
000620,0.0
000621,0.0
000622,0.0
000623,0.0
000625,0.0
000626,0.0
000627,0.0
000628,0.0
000629,0.0
000630,0.0
000631,0.0
000632,0.0
000633,0.0
000635,0.0
000636,0.0
000637,0.0
000638,0.0
000639,0.0
000650,0.0
000651,0.0
000652,-0.004463848881723119
000653,0.0
000655,0.0
000656,0.0
000657,0.0
000658,0.0
000659,0.0
000660,0.0
000661,0.0
000662,0.0
000663,0.0
000665,0.0
000666,-0.0044638480436883605
000667,0.0
000668,0.0
000669,0.0
000670,0.0
000671,0.0
000672,0.0
000673,0.0
000675,0.0
000676,0.0
000677,0.0
000678,0.0
000679,0.0
000680,0.0
000681,0.0
000682,0.0
000683,0.0
000685,0.0
000686,0.0
000687,0.0
000688,0.0
000689,0.0
000690,0.0
000691,0.0
000692,0.0
000693,0.0
000695,0.0
000697,0.0
000698,0.0
000699,0.0
000700,0.0
000701,0.0
000702,0.0
000703,0.0
000705,0.0
000707,0.0
000708,0.0
000709,0.0
000710,0.0
000711,0.0
000712,0.0
000713,0.0
000715,0.0
000716,0.0
000717,0.0
000718,0.0
000719,0.0
000720,0.0
000721,0.0
000722,0.0
000723,0.0
000725,0.0
000726,0.0
000727,0.0
000728,0.0
000729,0.0
000730,0.0
000731,0.0
000732,0.0
000733,0.0
000735,0.0
000736,0.0
000737,0.0
000738,0.0
000739,0.0
000748,0.0
000750,0.0
000751,0.0
000752,0.0
000753,0.0
000755,0.0
000756,0.0
000757,0.0
000758,0.0
000759,0.0
000760,0.0
000761,0.0
000762,0.0
000763,0.0
000765,0.0
000766,0.0
000767,0.0
000768,0.0
000769,0.0
000776,0.0
000777,0.0
000778,0.0
000779,0.0
000780,0.0
000782,0.0
000783,0.0
000785,0.0
000786,0.0
000787,0.0
000788,0.0
000789,0.0
000790,0.0
000791,0.0
000792,0.0
000793,0.0
000795,0.0
000796,0.0
000797,-0.004463846462372665
000798,0.0
000799,0.0
000800,0.0
000801,0.0
000802,0.0
000803,0.0
000805,0.0
000806,0.0
000807,0.0
000809,0.0
000810,0.0
000811,0.0
000812,0.0
000813,0.0
000815,0.0
000816,0.0
000817,0.0
000818,0.0
000819,0.0
000820,0.0
000821,0.0
000822,0.0
000823,0.0
000825,0.0
000826,0.0
000827,0.0
000828,0.0
000829,0.0
000830,0.0
000831,0.0
000832,0.0
000833,0.0
000835,0.0
000836,0.0
000837,0.0
000838,0.0
000839,0.0
000848,0.0
000850,0.0
000851,-0.004463489121828055
000852,0.0
000856,0.0
000858,0.0
000859,0.0
000860,0.0
000861,0.0
000862,0.0
000863,0.0
000866,0.0
000868,0.0
000869,0.0
000875,0.0
000876,0.0
000877,0.0
000878,0.0
000880,0.0
000881,0.0
000882,-0.004463848870710312
000883,0.0
000885,0.0
000886,0.0
000887,0.0
000888,0.0
000889,0.0
000890,0.0
000892,0.0
000893,0.0
000895,0.0
000897,0.0
000898,0.0
000899,0.0
000900,0.0
000901,0.0
000902,0.0
000903,-0.004463848875030949
000905,0.0
000906,0.0
000908,0.0
000909,0.0
000910,-0.004463848760267343
000911,0.0
000912,0.0
000913,0.0
000915,0.0
000916,0.0
000917,0.0
000918,0.0
000919,0.0
000920,0.0
000921,0.0
000922,0.0
000923,0.0
000925,0.0
000926,-0.004463847794734446
000927,0.0
000928,0.0
000929,0.0
000930,0.0
000931,0.0
000932,0.0
000933,0.0
000935,0.0
000936,0.055463848941673756
000937,0.0
000938,0.0
000939,0.0
000948,0.0
000949,0.0
000950,-0.004463848901834706
000951,0.0
000952,0.0
000953,0.0
000955,0.0
000956,0.0
000957,0.0
000958,0.0
000959,0.0
000960,0.0
000961,0.0
000962,0.0
000963,0.0
000965,0.0
000966,0.0
000967,0.0
000968,0.0
000969,0.0
000970,0.0
000971,0.0
000972,0.0
000973,0.05546384892892145
000975,0.0
000976,0.0
000977,0.0
000978,0.0
000979,0.0
000980,0.0
000981,0.0
000982,0.0
000983,0.0
000985,0.0
000987,0.0
000988,0.0
000989,0.0
000990,0.0
000993,0.0
000995,0.0
000996,0.0
000997,0.0
000998,0.0
000999,0.0
001201,0.0
001202,0.0
001203,0.0
001205,0.0
001206,0.0
001207,0.0
001208,0.0
001209,0.0
001210,0.0
001211,0.0
001212,0.0
001213,0.0
001215,0.0
001216,0.0
001217,0.0
001218,0.0
001219,0.0
001267,0.0
001288,0.0
001296,0.0
001317,0.0
001696,0.0
001872,0.0
001896,0.0
001914,0.0
001965,0.0
001979,0.0
002001,0.0
002002,0.0
002003,0.0
002004,0.0
002005,0.0
002006,0.0
002007,0.0
002008,0.0
002009,0.0
002010,0.0
002011,0.0
002012,0.0
002013,0.0
002014,0.0
002015,0.0
002016,0.0
002017,0.0
002018,0.0
002019,0.0
002020,0.0
002021,0.0
002022,0.0
002023,0.0
002024,0.0
002025,0.0
002026,0.0
002027,0.0
002028,0.0
002029,0.0
002030,0.0
002031,0.0
002032,0.0
002033,0.0
002034,0.0
002035,0.0
002036,0.0
002037,0.0
002038,0.0
002039,0.0
002040,0.0
002041,0.0
002042,0.0
002043,0.0
002044,0.0
002045,0.0
002046,0.0
002047,0.0
002048,0.0
002049,0.0
002050,0.0
002051,0.0
002052,0.0
002053,0.0
002054,0.0
002055,0.0
002056,0.0
002057,0.0
002058,0.0
002059,0.0
002060,0.0
002061,-0.004463848598695758
002062,0.0
002063,0.0
002064,0.0
002065,0.0
002066,0.0
002067,0.0
002068,0.0
002069,0.0
002070,0.0
002071,0.0
002072,0.0
002073,0.0
002074,0.0
002075,0.0
002076,0.0
002077,0.0
002078,0.0
002079,0.0
002080,0.0
002081,0.0
002082,0.0
002083,0.0
002084,0.0
002085,0.0
002086,0.0
002087,0.0
002088,0.0
002089,0.0
002090,0.0
002091,0.0
002092,0.0
002093,0.0
002094,0.0
002095,0.0
002096,0.0
002097,0.0
002098,0.0
002099,-0.004459516169173648
002100,0.0
002101,0.0
002102,0.0
002103,0.0
002104,0.0
002105,0.0
002106,0.0
002107,0.0
002108,0.0
002109,0.0
002110,0.0
002111,0.0
002112,0.0
002113,0.0
002114,0.0
002115,0.0
002116,0.0
002117,0.0
002118,0.0
002119,0.0
002120,0.0
002121,0.0
002122,0.0
002123,0.0
002124,0.0
002125,0.0
002126,0.0
002127,0.0
002128,0.0
002129,0.0
002130,0.0
002131,0.0
002132,0.0
002133,0.0
002134,0.0
002135,0.0
002136,0.0
002137,0.0
002138,0.0
002139,0.0
002140,0.0
002141,0.0
002142,0.0
002143,0.0
002144,0.0
002145,0.0
002146,0.0
002147,0.0
002148,0.0
002149,0.0
002150,0.0
002151,0.0
002152,0.0
002153,0.0
002154,0.0
002155,0.0
002156,0.0
002157,0.0
002158,0.0
002159,0.0
002160,0.0
002161,0.0
002162,0.0
002163,0.0
002164,0.0
002165,0.0
002166,0.0
002167,0.0
002168,0.0
002169,0.0
002170,0.0
002171,0.0
002172,0.0
002173,0.0
002174,0.0
002175,0.0
002176,0.0
002177,0.0
002178,0.0
002179,0.0
002180,0.0
002181,0.0
002182,0.0
002183,0.0
002184,0.0
002185,0.0
002186,0.0
002187,0.0
002188,0.0
002189,0.0
002190,0.0
002191,0.0
002192,0.0
002193,0.0
002194,0.0
002195,0.0
002196,0.0
002197,0.0
002198,0.0
002199,0.0
002200,0.0
002201,0.0
002202,0.0
002203,0.0
002204,0.0
002205,0.0
002206,0.0
002207,0.0
002208,0.0
002209,0.0
002210,0.0
002211,0.0
002212,0.0
002213,0.0
002214,0.0
002215,0.0
002216,0.0
002217,0.0
002218,0.0
002219,0.0
002220,0.0
002221,0.0
002222,0.0
002223,0.0
002224,0.0
002225,0.0
002226,0.0
002227,0.0
002228,-0.004463848908533534
002229,0.0
002230,0.0
002231,0.0
002232,0.0
002233,0.0
002234,0.0
002235,0.0
002236,0.0
002237,0.0
002238,0.0
002239,0.0
002240,0.0
002241,0.0
002242,0.0
002243,0.0
002244,0.0
002245,0.0
002246,0.0
002247,0.0
002248,0.0
002249,0.0
002250,0.0
002251,0.0
002252,0.0
002253,0.0
002254,0.0
002255,0.0
002256,0.0
002258,0.0
002259,0.0
002260,0.0
002261,0.0
002262,0.0
002263,0.0
002264,0.0
002265,0.0
002266,0.0
002267,0.0
002268,0.0
002269,0.0
002270,0.0
002271,0.0
002272,0.0
002273,0.0
002274,0.0
002275,0.0
002276,0.0
002277,-0.004463848909269263
002278,0.0
002279,0.0
002280,0.0
002281,0.0
002282,0.0
002283,0.0
002284,0.0
002285,0.0
002286,0.0
002287,0.0
002288,0.0
002289,0.0
002290,0.0
002291,0.0
002292,0.0
002293,0.0
002294,0.0
002295,0.0
002296,0.0
002297,0.0
002298,0.0
002299,0.0
002300,0.0
002301,0.0
002302,0.0
002303,-0.004463848896620405
002304,0.0
002305,0.0
002306,0.0
002307,0.0
002308,0.0
002309,0.0
002310,-0.00446384881976077
002311,0.0
002312,0.0
002313,0.0
002314,0.0
002315,0.0
002316,0.0
002317,0.0
002318,0.0
002319,0.0
002320,0.05546384891777264
002321,0.0
002322,0.0
002323,0.0
002324,0.0
002325,0.0
002326,0.0
002327,0.0
002328,0.0
002329,0.0
002330,0.0
002331,0.0
002332,0.0
002333,0.0
002334,0.0
002335,0.0
002336,0.0
002337,0.0
002338,0.0
002339,0.0
002340,0.0
002341,0.0
002342,0.0
002343,0.0
002344,0.0
002345,0.0
002346,0.0
002347,0.0
002348,0.0
002349,0.0
002350,0.0
002351,0.0
002352,0.0
002353,0.0
002354,0.0
002355,0.0
002356,0.0
002357,0.0
002358,0.0
002359,0.0
002360,0.0
002361,0.0
002362,0.0
002363,0.0
002364,0.0
002365,0.0
002366,0.0
002367,-0.004463848868044929
002368,0.0
002369,0.0
002370,0.0
002371,0.0
002372,0.0
002373,0.0
002374,0.0
002375,0.0
002376,0.0
002377,0.0
002378,0.0
002379,0.0
002380,0.0
002381,0.0
002382,0.0
002383,0.0
002384,0.0
002385,0.0
002386,0.0
002387,0.0
002388,0.0
002389,0.0
002390,0.0
002391,0.0
002392,0.0
002393,0.0
002394,0.0
002395,0.0
002396,0.0
002397,0.0
002398,0.0
002399,0.0
002400,0.0
002401,0.0
002402,0.0
002403,0.0
002404,0.0
002405,0.0
002406,0.0
002407,0.0
002408,0.0
002409,0.0
002410,0.0
002411,0.0
002412,0.0
002413,0.0
002414,0.0
002415,0.0
002416,0.0
002417,0.0
002418,0.0
002419,0.0
002420,0.0
002421,0.0
002422,0.0
002423,0.0
002424,0.0
002425,0.0
002426,0.0
002427,0.0
002428,0.0
002429,0.0
002430,0.0
002431,0.0
002432,0.0
002433,0.0
002434,0.0
002435,0.0
002436,0.0
002437,-0.0044638487836739
002438,0.0
002439,0.0
002440,0.0
002441,0.0
002442,0.0
002443,0.0
002444,0.0
002445,0.0
002446,0.0
002447,0.0
002448,0.0
002449,0.0
002450,0.0
002451,0.0
002452,0.0
002453,0.0
002454,0.0
002455,0.0
002456,0.0
002457,0.0
002458,0.0
002459,0.0
002460,0.0
002461,0.0
002462,0.0
002463,0.0
002464,0.0
002465,0.0
002466,0.0
002467,-0.004463848903754628
002468,0.0
002469,0.0
002470,0.0
002471,0.0
002472,0.0
002473,0.0
002474,0.0
002475,0.0
002476,0.0
002477,0.0
002478,0.0
002479,-0.004463844321908352
002480,0.0
002481,0.0
002482,0.0
002483,0.0
002484,0.0
002485,0.0
002486,0.0
002487,0.0
002488,0.0
002489,0.0
002490,0.0
002491,0.0
002492,0.0
002493,0.0
002494,0.0
002495,0.0
002496,0.0
002497,0.0
002498,0.0
002499,0.0
002500,0.0
002501,0.0
002502,0.0
002503,0.0
002504,0.0
002505,0.0
002506,0.0
002507,0.0
002508,0.0
002509,0.0
002510,0.0
002511,0.0
002512,-0.004463848786707257
002513,0.0
002514,0.0
002515,0.0
002516,0.0
002517,0.0
002518,0.0
002519,0.0
002520,0.0
002521,0.0
002522,0.0
002523,0.0
002524,0.0
002526,0.0
002527,0.0
002528,0.0
002529,0.0
002530,0.0
002531,0.0
002532,0.0
002533,0.0
002534,0.0
002535,0.0
002536,0.0
002537,0.0
002538,0.0
002539,0.0
002540,0.0
002541,0.0
002542,-0.004463848382410319
002543,0.0
002544,0.0
002545,0.0
002546,0.0
002547,0.0
002548,0.0
002549,0.0
002550,0.0
002551,0.0
002552,0.0
002553,0.0
002554,0.0
002555,0.0
002556,0.0
002557,0.0
002558,0.0
002559,0.0
002560,0.0
002561,0.0
002562,0.0
002563,0.0
002564,0.0
002565,0.0
002566,0.0
002567,0.0
002568,0.0
002569,0.0
002570,0.0
002571,0.0
002572,0.0
002573,0.0
002574,0.0
002575,0.0
002576,0.0
002577,0.0
002578,0.0
002579,0.0
002580,0.0
002581,0.0
002582,0.0
002583,0.0
002584,0.0
002585,0.0
002586,0.0
002587,0.0
002588,0.0
002589,-0.004463848902065363
002590,0.0
002591,0.0
002592,0.0
002593,0.0
002594,0.0
002595,0.0
002596,0.0
002597,0.0
002598,0.0
002599,0.0
002600,0.0
002601,0.0
002602,0.0
002603,0.0
002604,0.0
002605,0.0
002606,0.0
002607,0.0
002608,0.0
002609,-0.004463836575122689
002610,0.0
002611,0.0
002612,0.0
002613,0.0
002614,0.0
002615,0.0
002616,0.0
002617,0.0
002618,0.0
002619,0.0
002620,0.0
002621,0.022914295760749034
002622,0.0
002623,0.0
002624,0.0
002625,0.0
002626,0.0
002627,0.0
002628,0.0
002629,0.0
002630,0.0
002631,0.0
002632,0.0
002633,0.0
002634,0.0
002635,0.0
002636,0.0
002637,0.0
002638,0.0
002639,0.0
002640,0.0
002641,0.05546384826903878
002642,0.0
002643,0.0
002644,0.0
002645,0.0
002646,0.0
002647,0.0
002648,0.0
002649,0.0
002650,0.0
002651,0.0
002652,0.0
002653,0.0
002654,0.0
002655,0.0
002656,0.0
002657,-0.004463848816745704
002658,0.0
002659,0.0
002660,0.0
002661,0.0
002662,0.0
002663,0.0
002664,0.0
002665,0.0
002666,0.0
002667,0.0
002668,0.0
002669,0.0
002670,0.0
002671,0.0
002672,-0.004463848897373129
002673,0.0
002674,0.0
002675,0.0
002676,0.0
002677,0.0
002678,0.0
002679,0.0
002680,0.0
002681,0.0
002682,0.0
002683,0.0
002684,0.0
002685,0.0
002686,0.0
002687,0.0
002688,0.0
002689,0.0
002690,0.0
002691,0.0
002692,0.0
002693,0.0
002694,0.0
002695,0.0
002696,0.0
002697,0.0
002698,0.0
002699,0.0
002700,0.0
002701,0.0
002702,0.0
002703,0.0
002705,0.0
002706,0.0
002707,0.0
002708,0.0
002709,0.0
002711,0.0
002712,0.0
002713,0.0
002714,0.0
002715,0.0
002716,0.0
002717,0.0
002718,0.0
002719,0.0
002721,0.0
002722,0.0
002723,0.0
002724,0.0
002725,0.0
002726,0.0
002727,0.0
002728,0.0
002729,0.0
002730,0.0
002731,0.0
002732,0.0
002733,0.0
002734,0.0
002735,0.0
002736,0.0
002737,0.0
002738,0.0
002739,0.0
002740,0.0
002741,0.0
002742,0.0
002743,0.0
002745,0.0
002746,0.0
002747,0.0
002748,0.0
002749,0.0
002750,0.0
002751,0.0
002752,0.0
002753,0.0
002755,0.0
002756,0.0
002757,0.0
002758,0.0
002759,0.0
002760,0.0
002761,0.0
002762,0.0
002763,0.0
002765,0.0
002766,0.0
002767,0.0
002768,0.0
002769,0.0
002770,0.0
002771,0.0
002772,0.0
002773,0.0
002774,0.0
002775,0.0
002776,0.0
002777,0.0
002778,0.0
002779,0.0
002780,0.0
002781,0.0
002782,0.0
002783,0.0
002785,0.0
002786,0.0
002787,0.0
002788,0.0
002789,0.0
002790,0.0
002791,0.0
002792,0.0
002793,0.0
002795,0.0
002796,0.0
002797,0.0
002798,0.0
002799,0.0
002800,0.0
002801,0.0
002802,0.0
002803,0.0
002805,0.0
002806,0.0
002807,-0.004463847454653998
002808,0.0
002809,0.0
002810,0.0
002811,0.0
002812,0.0
002813,0.0
002815,0.0
002816,0.0
002817,0.0
002818,0.0
002819,0.0
002820,0.0
002821,0.0
002822,-0.0044638488725029166
002823,0.0
002824,0.0
002825,0.0
002826,0.0
002827,0.0
002828,0.0
002829,0.0
002830,0.0
002831,0.0
002832,0.0
002833,0.0
002835,0.0
002836,0.0
002837,0.0
002838,0.0
002839,0.0
002840,0.0
002841,0.0
002842,0.0
002843,0.0
002845,0.0
002846,0.0
002847,0.0
002848,0.0
002849,0.0
002850,0.0
002851,0.0
002852,0.0
002853,0.0
002855,0.0
002856,0.0
002857,0.0
002858,0.0
002859,0.0
002860,0.0
002861,0.0
002862,0.0
002863,0.0
002864,0.0
002865,0.0
002866,0.0
002867,0.0
002868,0.0
002869,0.0
002870,0.0
002871,0.0
002872,0.0
002873,0.0
002875,0.0
002876,0.0
002877,0.0
002878,0.0
002879,0.0
002880,0.05546384892920429
002881,0.0
002882,0.0
002883,0.0
002884,0.0
002885,0.0
002886,0.0
002887,0.0
002888,0.0
002889,0.0
002890,0.0
002891,0.0
002892,0.0
002893,0.0
002895,0.0
002896,0.0
002897,0.0
002898,0.0
002899,0.0
002900,0.0
002901,0.0
002902,0.0
002903,0.0
002905,0.0
002906,0.0
002907,0.0
002908,0.0
002909,0.0
002910,0.0
002911,0.0
002912,0.0
002913,0.0
002915,0.0
002916,0.0
002917,0.0
002918,0.0
002919,0.0
002920,0.0
002921,0.0
002922,0.0
002923,0.0
002925,0.0
002926,0.0
002927,0.0
002928,0.0
002929,0.0
002930,0.0
002931,0.0
002932,0.0
002933,0.0
002935,0.0
002936,0.0
002937,0.0
002938,0.0
002939,0.0
002940,0.0
002941,0.0
002942,0.0
002943,0.0
002945,0.0
002946,0.0
002947,0.0
002948,0.0
002949,0.0
002950,0.0
002951,0.0
002952,0.0
002953,0.0
002955,0.0
002956,0.0
002957,0.0
002958,0.0
002959,0.0
002960,0.0
002961,0.0
002962,0.05546384890346111
002963,0.0
002965,0.0
002966,0.0
002967,0.0
002968,0.0
002969,0.0
002970,0.0
002971,0.0
002972,0.0
002973,0.0
002975,0.0
002976,0.0
002977,0.0
002978,0.0
002979,0.0
002980,0.0
002981,0.0
002982,0.0
002983,0.0
002984,0.0
002985,0.0
002986,0.0
002987,0.0
002988,0.0
002989,0.0
002990,0.0
002991,0.0
002992,0.0
002993,0.0
002995,0.0
002996,0.0
002997,0.0
002998,0.0
002999,0.0
003000,0.0
003001,0.0
003002,0.0
003003,0.0
003004,0.0
003005,0.0
003006,0.0
003007,0.0
003008,0.0
003009,0.0
003010,0.0
003011,0.0
003012,0.0
003013,0.0
003015,0.0
003016,0.0
003017,0.0
003018,0.0
003019,0.0
003020,0.0
003021,0.0
003022,0.0
003023,0.0
003025,0.0
003026,0.0
003027,0.0
003028,0.0
003029,0.0
003030,0.0
003031,0.0
003032,0.0
003033,0.0
003035,0.0
003036,0.0
003037,0.0
003038,0.0
003039,0.0
003040,0.0
003041,0.0
003042,0.0
003043,0.0
003816,0.0
300001,0.0
300002,0.0
300003,0.0
300004,0.0
300005,0.0
300006,0.0
300007,0.0
300008,0.0
300009,0.0
300010,0.0
300011,0.0
300012,0.0
300013,0.0
300014,0.0
300015,0.0
300016,0.055463848814934394
300017,0.0
300018,0.0
300019,0.0
300020,0.0
300021,0.0
300022,0.0
300023,0.0
300024,0.0
300025,0.0
300026,0.0
300027,0.0
300028,0.0
300029,0.0
300030,0.0
300031,0.0
300032,0.0
300033,0.0
300034,0.0
300035,0.0
300036,0.0
300037,0.0
300038,0.0
300039,-0.00446384876414497
300040,0.0
300041,0.0
300042,0.0
300043,0.0
300044,0.0
300045,0.0
300046,0.0
300047,0.0
300048,0.0
300049,0.0
300050,0.0
300051,0.0
300052,0.0
300053,0.0
300054,0.0
300055,0.0
300056,0.0
300057,0.0
300058,0.0
300059,0.0
300061,0.0
300062,0.0
300063,0.0
300064,0.0
300065,0.0
300066,0.0
300067,0.0
300068,0.0
300069,0.0
300070,0.0
300071,0.0
300072,0.0
300073,0.0
300074,0.0
300075,0.0
300076,0.0
300077,0.0
300078,0.0
300079,0.0
300080,0.0
300081,0.0
300082,0.0
300083,0.0
300084,0.0
300085,-0.004463848081231875
300086,0.0
300087,0.0
300088,0.0
300089,0.0
300090,0.0
300091,0.0
300092,0.0
300093,0.0
300094,0.0
300095,0.0
300096,0.0
300097,0.0
300098,0.0
300099,0.0
300100,0.0
300101,0.0
300102,0.0
300103,0.0
300104,0.0
300105,0.0
300106,0.0
300107,0.0
300108,0.0
300109,0.0
300110,0.0
300111,0.0
300112,0.0
300113,0.0
300114,0.0
300115,0.0
300116,0.0
300117,0.0
300118,0.0
300119,0.0
300120,0.0
300121,0.0
300122,0.0
300123,0.0
300124,0.0
300125,0.0
300126,0.0
300127,0.0
300128,0.0
300129,0.0
300130,0.0
300131,0.0
300132,0.0
300133,0.0
300134,0.0
300135,0.0
300136,0.0
300137,0.0
300138,0.0
300139,0.0
300140,0.0
300141,0.0
300142,0.0
300143,0.0
300144,0.0
300145,-0.004463848363175731
300146,0.0
300147,0.0
300148,0.0
300149,0.0
300150,0.0
300151,0.0
300152,0.0
300153,0.0
300154,0.0
300155,0.0
300156,0.0
300157,0.0
300158,0.0
300159,0.0
300160,0.0
300161,0.0
300162,0.0
300163,0.0
300164,0.0
300165,0.0
300166,0.0
300167,0.0
300168,0.0
300169,0.0
300170,0.0
300171,0.0
300172,0.0
300173,0.0
300174,0.0
300175,0.0
300176,0.0
300177,0.0
300178,0.0
300179,0.0
300180,0.0
300181,0.0
300182,0.0
300183,0.0
300184,0.0
300185,0.0
300186,0.0
300187,0.0
300188,0.0
300189,0.0
300190,0.0
300191,0.0
300192,0.0
300193,0.0
300194,-0.004463848887955797
300195,0.0
300196,0.0
300197,0.0
300198,0.055463848906618964
300199,0.0
300200,0.0
300201,0.0
300202,0.0
300203,0.0
300204,0.0
300205,0.0
300206,0.0
300207,0.0
300208,0.0
300209,0.0
300210,0.0
300211,0.0
300212,0.0
300213,0.0
300214,0.0
300215,0.0
300216,0.0
300217,0.0
300218,0.0
300219,0.0
300220,0.0
300221,0.0
300222,0.0
300223,0.0
300224,0.0
300225,0.0
300226,0.0
300227,0.0
300228,0.0
300229,0.0
300230,0.0
300231,0.0
300232,0.0
300233,0.0
300234,0.0
300235,0.0
300236,0.0
300237,0.0
300238,-0.004463847947486998
300239,0.0
300240,0.0
300241,0.0
300242,0.0
300243,0.0
300244,0.0
300245,0.0
300246,0.0
300247,0.0
300248,0.0
300249,0.0
300250,0.0
300251,0.0
300252,0.0
300253,0.0
300254,0.0
300255,0.0
300256,0.0
300257,0.0
300258,0.0
300259,0.0
300260,0.0
300261,0.0
300262,0.0
300263,0.0
300264,0.0
300265,0.0
300266,0.0
300267,0.0
300268,0.0
300269,0.0
300270,0.0
300271,0.0
300272,0.0
300273,0.0
300274,0.0
300275,0.0
300276,0.0
300277,0.0
300278,0.0
300279,0.0
300280,0.0
300281,0.0
300282,0.0
300283,0.0
300284,0.0
300285,0.0
300286,0.0
300287,0.0
300288,0.0
300289,0.0
300290,0.0
300291,0.0
300292,0.0
300293,0.0
300294,0.0
300295,0.0
300296,0.0
300297,0.0
300298,0.0
300299,0.0
300300,0.0
300301,0.0
300302,0.0
300303,0.0
300304,0.0
300305,0.0
300306,0.0
300307,0.0
300308,0.0
300309,0.0
300310,0.0
300311,0.0
300312,0.0
300313,0.0
300314,0.0
300315,0.0
300316,0.0
300317,0.0
300318,0.0
300319,0.0
300320,0.0
300321,0.0
300322,0.0
300323,0.0
300324,0.0
300325,0.0
300326,0.0
300327,0.0
300328,0.0
300329,0.0
300330,0.0
300331,0.0
300332,0.0
300333,0.0
300334,0.0
300335,0.0
300336,0.0
300337,0.0
300338,0.0
300339,0.0
300340,0.0
300341,0.0
300342,0.0
300343,0.0
300344,0.0
300345,0.0
300346,0.0
300347,0.0
300348,0.05546384889518109
300349,0.0
300350,0.0
300351,0.0
300352,0.0
300353,0.0
300354,0.0
300355,0.0
300356,0.0
300357,0.0
300358,0.0
300359,0.0
300360,0.0
300362,0.0
300363,0.0
300364,0.0
300365,0.0
300366,0.0
300367,0.0
300368,0.0
300369,0.0
300370,0.0
300371,0.0
300372,0.0
300373,0.0
300374,0.0
300375,0.0
300376,0.0
300377,0.0
300378,0.0
300379,0.0
300380,0.0
300381,0.0
300382,0.0
300383,0.0
300384,0.0
300385,0.0
300386,0.0
300387,0.0
300388,-0.004463848883397965
300389,0.0
300390,0.0
300391,0.0
300392,0.0
300393,0.0
300394,0.0
300395,0.0
300396,0.0
300397,0.0
300398,0.0
300399,0.0
300400,0.0
300401,0.0
300402,0.0
300403,0.0
300404,0.0
300405,0.0
300406,0.0
300407,0.0
300408,0.0
300409,0.0
300410,0.0
300411,0.0
300412,0.0
300413,0.0
300414,0.0
300415,0.0
300416,0.0
300417,0.0
300418,0.0
300419,0.0
300420,0.0
300421,0.0
300422,0.0
300423,0.0
300424,0.0
300425,0.0
300426,0.0
300427,0.0
300428,0.0
300429,0.0
300430,0.0
300431,0.0
300432,0.0
300433,0.0
300434,0.0
300435,0.0
300436,0.0
300437,0.0
300438,0.0
300439,0.0
300440,0.0
300441,0.0
300442,0.0
300443,0.0
300444,0.0
300445,0.0
300446,0.0
300447,0.0
300448,0.0
300449,0.0
300450,0.0
300451,0.0
300452,0.0
300453,0.0
300454,0.0
300455,0.0
300456,0.0
300457,0.0
300458,0.0
300459,0.0
300460,0.0
300461,0.0
300462,0.0
300463,0.0
300464,0.0
300465,0.0
300466,0.0
300467,0.0
300468,0.0
300469,0.0
300470,0.0
300471,0.0
300472,0.0
300473,0.0
300474,0.0
300475,0.0
300476,0.0
300477,0.0
300478,0.0
300479,0.0
300480,0.0
300481,0.0
300482,0.0
300483,0.0
300484,0.0
300485,0.0
300486,0.0
300487,0.0
300488,0.0
300489,0.0
300490,0.0
300491,0.0
300492,0.0
300493,0.0
300494,0.0
300495,0.0
300496,0.0
300497,0.0
300498,0.0
300499,0.0
300500,0.0
300501,0.0
300502,0.0
300503,0.0
300504,0.0
300505,0.0
300506,0.0
300507,0.0
300508,0.0
300509,0.0
300510,0.0
300511,0.0
300512,0.0
300513,0.0
300514,0.0
300515,0.0
300516,0.0
300517,0.0
300518,0.0
300519,0.0
300520,0.0
300521,0.0
300522,0.0
300523,0.0
300525,0.0
300526,0.0
300527,0.0
300528,0.0
300529,0.0
300530,0.0
300531,0.0
300532,0.0
300533,0.0
300534,0.0
300535,0.0
300536,0.0
300537,0.0
300538,0.0
300539,0.0
300540,0.0
300541,0.0
300542,0.0
300543,0.0
300545,0.0
300546,0.0
300547,0.0
300548,0.0
300549,0.0
300550,0.0
300551,0.0
300552,0.0
300553,0.0
300554,0.0
300555,0.0
300556,0.0
300557,0.0
300558,0.0
300559,0.0
300560,0.0
300561,0.0
300562,0.0
300563,0.0
300564,0.0
300565,0.0
300566,0.0
300567,0.0
300568,0.0
300569,0.0
300570,0.0
300571,0.0
300572,0.0
300573,0.0
300575,0.0
300576,0.0
300577,0.0
300578,0.0
300579,0.0
300580,0.0
300581,0.0
300582,0.0
300583,0.0
300584,0.0
300585,0.0
300586,0.0
300587,0.0
300588,0.0
300589,0.0
300590,0.0
300591,0.0
300592,0.0
300593,0.0
300594,0.0
300595,0.0
300596,0.0
300597,0.0
300598,0.0
300599,0.0
300600,0.0
300601,0.0
300602,0.0
300603,0.0
300604,0.0
300605,0.0
300606,0.0
300607,0.0
300608,0.0
300609,0.0
300610,0.0
300611,0.0
300612,0.0
300613,0.0
300614,0.0
300615,0.0
300616,0.0
300617,0.0
300618,0.0
300619,0.0
300620,0.0
300621,0.0
300622,0.0
300623,0.0
300624,0.0
300625,0.0
300626,0.0
300627,0.0
300628,0.0
300629,0.0
300630,0.0
300631,0.0
300632,0.0
300633,0.0
300634,0.0
300635,0.0
300636,0.0
300637,0.0
300638,0.0
300639,0.0
300640,0.0
300641,0.0
300642,0.0
300643,0.0
300644,0.0
300645,0.0
300647,0.0
300648,0.0
300649,0.0
300650,0.0
300651,0.0
300652,0.0
300653,0.0
300654,0.0
300655,0.0
300656,0.0
300657,0.0
300658,0.0
300659,0.0
300660,0.0
300661,0.0
300662,0.0
300663,0.0
300664,-0.0044638488764250205
300665,0.0
300666,0.0
300667,0.0
300668,0.0
300669,0.0
300670,0.0
300671,0.0
300672,0.0
300673,0.0
300674,0.0
300675,0.0
300676,0.0
300677,0.0
300678,0.0
300679,0.0
300680,0.0
300681,0.0
300682,0.0
300683,0.0
300684,0.0
300685,0.0
300686,0.0
300687,0.0
300688,0.0
300689,0.0
300690,0.0
300691,0.0
300692,0.0
300693,0.0
300694,0.0
300695,0.0
300696,0.0
300697,0.0
300698,0.0
300699,0.0
300700,0.0
300701,0.0
300702,0.0
300703,0.0
300705,0.0
300706,0.0
300707,0.0
300708,0.0
300709,0.0
300710,0.0
300711,0.0
300712,0.0
300713,0.0
300715,0.0
300716,0.0
300717,0.0
300718,0.0
300719,0.0
300720,0.0
300721,0.0
300722,0.0
300723,0.0
300724,0.0
300725,0.0
300726,0.0
300727,0.0
300729,0.0
300730,0.0
300731,0.0
300732,0.0
300733,0.0
300735,0.0
300736,0.0
300737,0.0
300738,0.0
300739,0.0
300740,0.0
300741,0.0
300742,0.0
300743,0.0
300745,0.0
300746,0.0
300747,0.0
300748,0.0
300749,0.0
300750,0.0
300751,0.0
300752,0.0
300753,0.0
300755,0.0
300756,0.0
300757,0.0
300758,0.0
300759,0.0
300760,0.0
300761,0.0
300762,0.0
300763,0.0
300765,0.0
300766,0.0
300767,0.0
300768,0.0
300769,0.0
300770,0.0
300771,0.0
300772,0.0
300773,0.0
300774,0.0
300775,0.0
300776,0.0
300777,0.0
300778,0.0
300779,0.0
300780,0.0
300781,0.0
300782,0.0
300783,0.0
300785,0.0
300786,0.0
300787,0.0
300788,0.0
300789,0.0
300790,0.0
300791,0.0
300792,0.0
300793,0.0
300795,0.0
300796,0.0
300797,0.0
300798,0.0
300799,0.0
300800,0.0
300801,0.0
300802,0.0
300803,0.0
300805,0.0
300806,0.0
300807,0.0
300808,0.0
300809,0.0
300810,0.0
300811,0.0
300812,0.0
300813,0.0
300814,0.0
300815,0.0
300816,0.0
300817,0.0
300818,0.0
300819,0.0
300820,0.0
300821,0.0
300822,0.0
300823,0.0
300824,0.0
300825,0.0
300826,0.0
300827,0.0
300828,0.0
300829,0.0
300830,0.0
300831,0.0
300832,0.0
300833,0.0
300835,0.0
300836,0.0
300837,0.0
300838,0.0
300839,0.0
300840,0.0
300841,0.0
300842,0.0
300843,0.0
300844,0.0
300845,0.0
300846,0.0
300847,0.0
300848,0.0
300849,0.0
300850,0.0
300851,0.0
300852,0.0
300853,0.0
300854,0.0
300855,0.0
300856,0.0
300857,0.0
300858,0.0
300859,0.0
300860,0.0
300861,0.0
300862,0.0
300863,0.0
300864,0.0
300865,0.0
300866,0.0
300867,0.0
300868,0.0
300869,0.0
300870,0.0
300871,0.0
300872,0.0
300873,0.0
300875,0.0
300876,0.0
300877,0.0
300878,0.0
300879,0.0
300880,0.0
300881,0.0
300882,0.0
300883,0.0
300884,0.0
300885,0.0
300886,0.0
300887,0.0
300888,0.0
300889,0.0
300890,0.0
300891,0.0
300892,0.0
300893,0.0
300894,0.0
300895,0.0
300896,0.0
300897,0.0
300898,0.0
300899,0.0
300900,0.0
300901,0.0
300902,0.0
300903,0.0
300905,0.0
300906,0.0
300907,0.0
300908,0.0
300909,0.0
300910,0.0
300911,0.0
300912,0.0
300913,0.0
300915,0.0
300916,0.0
300917,0.0
300918,0.0
300919,0.0
300920,0.0
300921,0.0
300922,0.0
300923,0.0
300925,0.0
300926,0.0
300927,0.0
300928,0.0
300929,0.0
300930,0.0
300931,0.0
300932,0.0
300933,0.0
300935,0.0
300936,0.0
300937,0.0
300938,0.0
300939,0.0
300940,0.0
300941,0.0
300942,0.0
300943,0.0
300945,0.0
300946,0.0
300947,0.0
300948,0.0
300949,0.0
300950,0.0
300951,0.0
300952,0.0
300953,0.0
300955,0.0
300956,0.0
300957,0.0
300958,0.0
300959,0.0
300960,0.0
300961,0.0
300962,0.0
300963,0.0
300964,0.0
300965,0.0
300966,0.0
300967,0.0
300968,0.0
300969,0.0
300970,0.0
300971,0.0
300972,0.0
300973,0.0
300975,0.0
300976,0.0
300977,0.0
300978,0.0
300979,0.0
300980,0.0
300981,0.0
300982,0.0
300983,0.0
300984,0.0
300985,0.0
300986,0.0
300987,0.0
300988,0.0
300989,0.0
300990,0.0
300991,0.0
300992,0.0
300993,0.0
300994,0.0
300995,0.0
300996,0.0
300997,0.0
300998,0.0
300999,0.0
301000,0.0
301001,0.0
301002,0.0
301003,0.0
301004,0.0
301005,0.0
301006,0.0
301007,0.0
301008,0.0
301009,0.0
301010,0.0
301011,0.0
301012,0.0
301013,0.0
301015,0.0
301016,0.0
301017,0.0
301018,0.0
301019,0.0
301020,0.0
301021,0.0
301022,0.0
301023,0.0
301024,0.0
301025,0.0
301026,0.0
301027,0.0
301028,0.0
301029,0.0
301030,0.0
301031,0.0
301032,0.0
301033,0.0
301035,0.0
301036,0.0
301037,0.0
301038,0.0
301039,0.0
301040,0.0
301041,0.0
301042,0.0
301043,0.0
301045,0.0
301046,0.0
301047,0.0
301048,0.0
301049,0.0
301050,0.0
301051,0.0
301052,0.0
301053,0.0
301055,0.0
301056,0.0
301057,0.0
301058,0.0
301059,0.0
301060,0.0
301061,0.0
301062,0.0
301063,0.0
301065,0.0
301066,0.0
301067,0.0
301068,0.0
301069,0.0
301070,0.0
301071,0.0
301072,0.0
301073,0.0
301075,0.0
301076,0.0
301077,0.0
301078,0.0
301079,0.0
301080,0.0
301081,0.0
301082,0.0
301083,0.0
301085,0.0
301086,0.0
301087,0.0
301088,0.0
301089,0.0
301090,0.0
301091,0.0
301092,0.0
301093,0.0
301096,0.0
301098,0.0
301099,0.0
301100,0.0
301101,0.0
301108,0.0
301111,0.0
301113,0.0
301118,0.0
301119,0.0
301126,0.0
301127,0.0
301128,0.0
301129,0.0
301133,0.0
301138,0.0
301149,0.0
301155,0.0
301159,0.0
301166,0.0
301167,0.0
301168,0.0
301169,0.0
301177,0.0
301178,0.0
301179,0.0
301180,0.0
301182,0.0
301185,0.0
301186,0.0
301188,0.0
301189,0.0
301190,0.0
301193,0.0
301198,0.0
301199,0.0
301211,0.0
301213,0.0
301221,0.0
600000,0.0
600001,0.0
600002,0.0
600003,0.0
600004,0.0
600005,0.0
600006,0.0
600007,0.0
600008,0.0
600009,0.0
600010,0.0
600011,0.0
600012,0.0
600015,0.0
600016,0.0
600017,0.0
600018,0.0
600019,0.0
600020,0.0
600021,0.0
600022,0.0
600023,0.0
600025,0.0
600026,0.0
600027,0.0
600028,0.0
600029,0.0
600030,0.0
600031,0.0
600032,0.0
600033,0.0
600035,0.0
600036,0.0
600037,0.0
600038,0.0
600039,0.0
600048,0.0
600050,0.0
600051,0.0
600052,0.0
600053,0.0
600054,-0.004463836294424034
600055,0.0
600056,0.0
600057,0.0
600058,0.0
600059,0.0
600060,0.0
600061,0.0
600062,0.0
600063,0.0
600064,0.0
600065,0.0
600066,0.0
600067,0.0
600068,0.0
600069,0.0
600070,0.0
600071,0.0
600072,0.0
600073,0.0
600074,0.0
600075,0.0
600076,0.0
600077,0.0
600078,0.0
600079,0.0
600080,0.0
600081,0.0
600082,0.0
600083,0.0
600084,0.0
600085,0.0
600086,0.0
600087,0.0
600088,0.0
600089,0.0
600090,0.0
600091,0.0
600092,0.0
600093,0.0
600094,0.0
600095,0.0
600096,0.0
600097,0.0
600098,0.0
600099,0.0
600100,-0.004463848819652398
600101,0.0
600102,0.0
600103,0.0
600104,0.0
600105,0.0
600106,0.0
600107,0.0
600108,0.0
600109,0.0
600110,0.0
600111,0.0
600112,0.0
600113,0.0
600114,0.0
600115,0.0
600116,0.0
600117,0.0
600118,0.0
600119,0.0
600120,0.0
600121,0.0
600122,0.0
600123,0.0
600125,0.0
600126,0.0
600127,0.0
600128,0.0
600129,0.0
600130,0.0
600131,0.0
600132,0.0
600133,0.0
600135,0.0
600136,0.0
600137,0.0
600138,0.0
600139,0.0
600141,0.0
600143,0.0
600145,0.0
600146,0.0
600148,0.0
600149,0.0
600150,0.0
600151,0.0
600152,0.0
600153,0.0
600155,0.0
600156,0.0
600157,0.0
600158,0.0
600159,0.0
600160,0.0
600161,0.0
600162,0.0
600163,0.0
600165,0.0
600166,0.0
600167,0.0
600168,0.0
600169,0.0
600170,0.0
600171,0.0
600172,0.0
600173,0.0
600175,0.0
600176,0.0
600177,0.0
600178,0.0
600179,0.0
600180,0.0
600181,0.0
600182,0.0
600183,0.0
600184,0.0
600185,0.0
600186,0.0
600187,0.0
600188,0.0
600189,0.0
600190,0.0
600191,0.0
600192,0.0
600193,0.0
600195,0.0
600196,0.0
600197,0.0
600198,0.0
600199,0.0
600200,0.0
600201,0.0
600202,0.0
600203,0.0
600205,0.0
600206,0.0
600207,0.0
600208,0.0
600209,0.0
600210,0.0
600211,0.0
600212,0.0
600213,0.0
600215,0.0
600216,0.0
600217,0.0
600218,0.0
600219,0.0
600220,0.0
600221,0.0
600222,0.0
600223,0.0
600225,0.0
600226,0.0
600227,0.0
600228,0.0
600229,0.0
600230,0.0
600231,0.0
600232,0.0
600233,0.0
600234,0.0
600235,0.0
600236,0.0
600237,0.0
600238,0.0
600239,0.0
600240,0.0
600241,0.0
600242,0.0
600243,0.0
600246,0.0
600247,0.0
600248,0.0
600249,0.0
600250,0.0
600251,0.0
600252,-0.004463827009384556
600253,0.0
600255,0.0
600256,0.0
600257,0.0
600258,0.0
600259,0.0
600260,0.0
600261,0.0
600262,0.0
600263,0.0
600265,0.0
600266,0.0
600267,0.0
600268,0.0
600269,0.0
600270,0.0
600271,0.0
600272,0.0
600273,0.0
600275,0.0
600276,0.0
600277,0.0
600278,0.0
600279,0.0
600280,0.0
600281,0.0
600282,0.0
600283,0.0
600284,-0.0044638488759898695
600285,0.0
600286,0.0
600287,0.0
600288,0.0
600289,0.0
600290,0.0
600291,0.0
600292,0.0
600293,0.0
600295,0.0
600296,0.0
600297,0.0
600298,0.0
600299,0.0
600300,0.0
600301,0.0
600302,0.0
600303,0.0
600305,0.0
600306,0.0
600307,0.0
600308,0.0
600309,0.0
600310,0.0
600311,0.0
600312,0.0
600313,0.0
600315,0.0
600316,0.0
600317,0.0
600318,0.0
600319,0.0
600320,0.0
600321,0.0
600322,0.0
600323,0.0
600325,0.0
600326,-0.004463848825884748
600327,0.0
600328,0.0
600329,0.0
600330,0.0
600331,0.0
600332,0.0
600333,0.0
600335,0.0
600336,0.0
600337,0.0
600338,0.0
600339,0.0
600340,0.0
600343,0.0
600345,0.0
600346,0.0
600348,0.0
600350,0.0
600351,0.0
600352,0.0
600353,0.0
600354,0.0
600355,0.0
600356,0.0
600357,0.0
600358,0.0
600359,0.0
600360,0.0
600361,0.0
600362,0.0
600363,0.0
600365,0.0
600366,0.0
600367,0.0
600368,0.0
600369,0.0
600370,0.0
600371,0.0
600372,0.0
600373,0.0
600375,0.0
600376,0.0
600377,0.0
600378,0.0
600379,0.0
600380,0.0
600381,0.0
600382,0.0
600383,0.0
600385,0.0
600386,0.0
600387,0.0
600388,0.0
600389,0.0
600390,0.0
600391,0.0
600392,0.0
600393,0.0
600395,0.0
600396,0.0
600397,0.0
600398,0.0
600399,0.0
600400,0.0
600401,0.0
600403,0.0
600405,0.0
600406,0.0
600408,0.0
600409,0.0
600410,0.0
600415,0.0
600416,0.0
600418,0.0
600419,0.0
600420,-0.0044638487944942
600421,0.0
600422,-0.004463848804738438
600423,0.0
600425,0.0
600426,0.0
600428,0.0
600429,0.0
600432,0.0
600433,0.0
600435,0.0
600436,0.0
600438,0.0
600439,0.0
600444,0.0
600446,0.0
600448,0.0
600449,0.05546384755999977
600452,0.0
600455,0.0
600456,0.0
600458,0.0
600459,0.0
600460,0.0
600461,0.0
600462,0.0
600463,0.0
600466,0.0
600467,0.0
600468,0.0
600469,0.0
600470,0.0
600472,0.0
600475,0.0
600476,0.0
600477,0.0
600478,0.0
600479,0.0
600480,0.0
600481,0.0
600482,0.0
600483,0.0
600485,0.0
600486,0.0
600487,0.0
600488,0.0
600489,0.0
600490,0.0
600491,0.0
600493,0.0
600495,-0.004463848894384012
600496,-0.004463848739683827
600497,0.0
600498,0.0
600499,0.0
600500,0.0
600501,0.0
600502,0.0
600503,-0.004463848840353896
600505,0.0
600506,0.0
600507,0.0
600508,0.0
600509,0.0
600510,0.0
600511,0.0
600512,0.055463848916093315
600513,0.0
600515,0.0
600516,0.0
600517,0.0
600518,0.0
600519,0.0
600520,0.0
600521,0.0
600522,0.0
600523,0.0
600525,0.0
600526,0.0
600527,0.0
600528,0.0
600529,0.0
600530,0.0
600531,0.055463848935161285
600532,0.0
600533,0.0
600535,0.0
600536,0.0
600537,0.0
600538,0.0
600539,0.0
600540,0.0
600543,0.0
600545,0.0
600546,0.0
600547,0.0
600548,0.0
600549,0.0
600550,0.0
600551,0.0
600552,0.0
600553,0.0
600555,0.0
600556,0.0
600557,-0.004463848693990432
600558,0.0
600559,0.0
600560,0.0
600561,0.0
600562,0.0
600563,0.0
600565,0.0
600566,0.0
600567,0.0
600568,0.0
600569,0.0
600570,0.0
600571,0.0
600572,0.0
600573,0.0
600575,0.0
600576,0.0
600577,0.0
600578,0.0
600579,0.0
600580,0.0
600581,0.0
600582,0.0
600583,0.0
600584,0.0
600585,0.0
600586,0.0
600587,0.0
600588,0.0
600589,0.0
600590,0.0
600591,0.0
600592,-0.0044638475286903345
600593,0.0
600594,0.0
600595,0.0
600596,0.0
600597,0.0
600598,0.0
600599,0.0
600600,0.0
600601,0.0
600602,0.0
600603,0.0
600604,-0.004463848870645374
600605,0.0
600606,0.0
600607,0.0
600608,0.0
600609,0.0
600610,0.0
600611,0.0
600612,0.0
600613,0.0
600614,0.0
600615,0.0
600616,0.0
600617,0.0
600618,0.0
600619,0.0
600620,0.0
600621,-0.004463848408896375
600622,-0.0044638488656984065
600623,0.0
600624,0.0
600625,0.0
600626,0.0
600627,0.0
600628,0.0
600629,0.0
600630,0.0
600631,0.0
600632,0.0
600633,0.0
600634,0.0
600635,0.0
600636,0.0
600637,0.0
600638,0.0
600639,0.0
600640,0.0
600641,0.0
600642,0.0
600643,0.0
600644,0.0
600645,0.0
600646,0.0
600647,0.0
600648,0.0
600649,0.0
600650,0.0
600651,0.0
600652,0.0
600653,0.0
600654,0.0
600655,0.0
600656,0.0
600657,0.0
600658,0.0
600659,0.0
600660,0.0
600661,0.0
600662,0.0
600663,0.0
600664,0.0
600665,0.0
600666,0.0
600667,0.0
600668,0.0
600669,0.0
600670,0.0
600671,0.0
600672,0.0
600673,0.0
600674,0.0
600675,0.0
600676,-0.004463848910650265
600677,0.0
600678,0.0
600679,0.0
600680,0.0
600681,0.0
600682,0.0
600683,0.0
600684,0.0
600685,0.0
600686,0.055463848936897146
600687,0.0
600688,0.0
600689,0.0
600690,0.0
600691,0.0
600692,0.0
600693,0.0
600694,0.0
600695,0.0
600696,0.0
600697,0.0
600698,0.0
600699,0.0
600700,0.0
600701,0.0
600702,0.0
600703,0.0
600704,0.0
600705,0.0
600706,0.0
600707,0.0
600708,0.0
600709,0.0
600710,0.05546384893533054
600711,0.0
600712,0.0
600713,0.0
600714,0.0
600715,0.0
600716,0.0
600717,0.0
600718,0.0
600719,0.0
600720,0.05546384880060082
600721,0.0
600722,0.0
600723,0.0
600724,0.0
600725,0.0
600726,0.0
600727,0.0
600728,0.0
600729,0.0
600730,0.0
600731,0.0
600732,0.0
600733,0.0
600734,0.0
600735,0.0
600736,-0.0044638489045935115
600737,0.0
600738,0.0
600739,0.0
600740,0.0
600741,0.0
600742,0.0
600743,0.0
600744,0.0
600745,0.0
600746,0.0
600747,0.0
600748,-0.00446384888551859
600749,0.0
600750,0.0
600751,0.0
600752,0.0
600753,0.0
600754,0.0
600755,0.0
600756,0.0
600757,0.0
600758,0.0
600759,0.0
600760,0.0
600761,0.0
600762,0.0
600763,0.0
600764,0.0
600765,0.0
600766,0.0
600767,0.0
600768,0.0
600769,0.0
600770,0.0554638489361807
600771,0.0
600772,0.0
600773,0.0
600774,0.0
600775,0.0
600776,0.0
600777,0.0
600778,0.0
600779,0.0
600780,0.0
600781,0.0
600782,0.0
600783,0.0
600784,0.0
600785,0.0
600786,0.0
600787,0.0
600788,0.0
600789,0.0
600790,0.0
600791,0.0
600792,0.0
600793,0.0
600794,0.0
600795,0.0
600796,0.0
600797,0.0
600798,0.0
600799,0.0
600800,0.0
600801,0.0
600802,0.0
600803,0.0
600804,0.0
600805,0.0
600806,0.0
600807,0.0
600808,0.0
600809,0.0
600810,0.0
600811,0.0
600812,0.0
600813,0.0
600814,0.0
600815,0.0
600816,0.0
600817,0.0
600818,0.0
600819,0.0
600820,0.0
600821,0.0
600822,0.0
600823,0.0
600824,0.0
600825,0.0
600826,0.0
600827,0.0
600828,0.0
600829,0.0
600830,0.0
600831,-0.004463848885804371
600832,0.0
600833,0.0
600834,0.0
600835,0.0
600836,0.0
600837,0.0
600838,0.0
600839,0.0
600840,0.0
600841,0.0
600842,0.0
600843,0.0
600844,0.0
600845,0.0
600846,-0.004463848836745407
600847,0.0
600848,0.0
600850,0.0
600851,0.0
600852,0.0
600853,0.0
600854,0.0
600855,0.0
600856,0.0
600857,0.0
600858,0.0
600859,0.0
600860,0.0
600861,0.0
600862,0.0
600863,0.0
600864,0.05546384894166632
600865,0.0
600866,0.0
600867,0.0
600868,0.0
600869,0.0
600870,0.0
600871,0.0
600872,0.0
600873,0.055463848931988254
600874,0.0
600875,0.0
600876,0.0
600877,0.0
600878,0.0
600879,0.0
600880,0.0
600881,0.0
600882,0.0
600883,0.0
600884,0.0
600885,0.0
600886,0.0
600887,0.0
600888,0.0
600889,0.0
600890,0.0
600891,0.0
600892,0.0
600893,0.0
600894,-0.004463848886113048
600895,0.0
600896,0.0
600897,0.0
600898,0.0
600899,0.0
600900,0.0
600901,0.0
600903,0.0
600905,0.0
600906,0.0
600908,0.0
600909,0.0
600916,0.0
600917,0.0
600918,0.0
600919,0.0
600926,0.0
600927,0.0
600928,0.0
600929,0.0
600933,0.0
600935,0.0
600936,0.0
600939,0.0
600941,0.0
600955,0.0
600956,0.0
600958,0.0
600959,0.0
600960,0.0
600961,0.0
600962,0.0
600963,0.0
600965,0.0
600966,0.0
600967,0.0
600968,0.0
600969,0.0
600970,0.0
600971,0.0
600973,0.0
600975,0.0
600976,0.0
600977,0.0
600978,0.0
600979,0.0
600980,0.0
600981,0.0
600982,0.0
600983,0.0
600984,0.0
600985,0.0
600986,0.0
600987,0.0
600988,0.0
600989,0.0
600990,0.0
600991,0.0
600992,0.0
600993,0.0
600995,0.0
600996,0.0
600997,0.0
600998,0.0
600999,0.0
601000,0.0
601001,0.0
601002,0.0
601003,0.0
601005,0.0
601006,0.0
601007,0.0
601008,0.0
601009,0.0
601010,0.0
601011,0.0
601012,0.0
601015,0.0
601016,0.0
601018,0.0
601019,0.0
601020,0.0
601021,0.0
601028,0.0
601038,0.0
601058,0.0
601066,0.0
601068,0.0
601069,0.0
601077,0.0
601086,0.0
601088,0.0
601098,0.0
601099,0.0
601100,0.0
601101,0.0
601106,0.0
601107,0.0
601108,0.0
601111,0.0
601113,0.0
601116,-0.004463848907381911
601117,0.0
601118,0.0
601126,0.0
601127,0.0
601128,0.0
601137,0.0
601138,0.0
601139,0.0
601155,0.0
601156,0.0
601158,0.0
601162,0.0
601163,-0.004463848886344107
601166,0.0
601168,0.0
601169,0.0
601177,0.0
601179,0.0
601186,0.0
601187,0.0
601188,0.0
601198,0.0
601199,0.0
601200,0.0
601208,0.0
601211,0.0
601212,0.0
601216,0.0
601218,0.0
601222,0.0
601225,0.0
601226,0.0
601228,0.0
601229,0.0
601231,0.0
601233,0.0
601236,0.0
601238,0.0
601258,0.0
601268,0.0
601279,0.0
601288,0.0
601298,0.0
601299,0.0
601311,0.0
601318,0.0
601319,0.0
601326,0.0
601328,0.0
601330,0.0
601333,0.0
601336,0.0
601339,0.0
601360,0.0
601366,0.0
601368,0.0
601369,0.0
601375,0.05450613800542385
601377,0.0
601388,0.0
601390,0.0
601398,0.0
601399,0.0
601456,0.0
601500,0.0
601512,0.0
601515,0.0
601518,0.0
601519,0.0
601528,0.0
601555,0.0
601558,0.0
601566,0.0
601567,0.0
601568,0.0
601577,0.0
601579,0.0
601588,-0.004463848821231019
601595,0.0
601598,0.0
601599,0.0
601600,0.0
601601,0.0
601606,0.0
601607,0.0
601608,0.0
601609,0.0
601611,0.0
601615,0.0
601616,0.0
601618,0.0
601619,0.0
601628,0.0
601633,0.0
601636,0.0
601658,0.0
601665,0.0
601666,0.0
601668,0.0
601669,0.0
601677,0.0
601678,0.0
601686,0.0
601688,0.0
601689,0.0
601696,0.0
601698,0.0
601699,0.0
601700,0.0
601702,0.0
601717,0.0
601718,0.0
601727,0.0
601728,0.0
601766,0.0
601777,0.0
601778,0.0
601788,0.0
601789,0.0
601798,0.0
601799,0.0
601800,0.0
601801,0.0
601808,0.0
601811,0.0
601816,0.0
601818,0.0
601825,0.0
601827,0.0
601828,0.0
601838,0.0
601857,0.0
601858,0.0
601860,0.0
601865,0.0
601866,0.0
601868,0.0
601869,0.0
601872,0.0
601877,0.0
601878,0.0
601880,0.0
601881,0.0
601882,0.0
601886,0.0
601888,0.0
601890,0.0
601898,0.0
601899,0.0
601900,0.0
601901,0.0
601908,0.0
601916,0.0
601918,0.0
601919,0.0
601921,0.0
601928,0.0
601929,0.0
601933,0.0
601939,0.0
601949,0.055463848933893736
601952,0.0
601956,0.0
601958,0.0
601963,0.0
601965,0.0
601966,0.0
601968,0.0
601969,0.0
601975,0.0
601985,0.0
601988,0.0
601989,0.0
601990,0.0
601991,0.0
601992,0.0
601995,0.0
601996,0.0
601997,0.0
601998,0.0
601999,0.0
603000,0.0
603001,0.0
603002,0.0
603003,0.0
603005,0.0
603006,0.0
603007,0.0
603008,0.0
603009,0.0
603010,0.0
603011,0.0
603012,0.0
603013,0.0
603015,0.0
603016,0.0
603017,0.0
603018,-0.004463848805534148
603019,0.0
603020,0.0
603021,0.0
603022,0.0
603023,0.0
603025,0.0
603026,0.0
603027,0.0
603028,0.0
603029,0.0
603030,0.0
603031,0.0
603032,0.0
603033,0.0
603035,0.0
603036,0.0
603037,0.0
603038,0.0
603039,0.0
603040,0.0
603041,0.0
603042,0.0
603043,0.0
603045,0.0
603048,0.0
603050,0.0
603053,0.0
603055,0.0
603056,0.0
603058,0.0
603059,0.0
603060,0.0
603063,0.0
603066,0.0
603067,0.0
603068,0.0
603069,0.0
603071,0.0
603076,0.0
603077,0.0
603078,0.0
603079,0.0
603080,0.0
603081,0.0
603083,0.0
603085,0.0
603086,0.0
603087,0.0
603088,0.0
603089,0.0
603090,0.0
603093,0.0
603095,0.0
603096,0.0
603098,0.0
603099,0.0
603100,0.0
603101,0.0
603103,-0.004463848184968975
603105,0.0
603106,0.0
603108,0.0
603109,0.0
603110,0.0
603111,-0.004463848887736732
603112,0.0
603113,0.0
603115,0.0
603116,0.0
603117,0.0
603118,0.0
603121,0.0
603123,0.0
603126,0.0
603127,0.0
603128,0.0
603129,0.0
603131,0.0
603133,0.0
603136,0.0
603138,0.0
603139,0.0
603155,0.0
603156,0.0
603157,0.0
603158,0.0
603159,0.0
603160,0.0
603161,0.0
603165,0.0
603166,0.0
603167,0.0
603168,0.0
603169,0.0
603171,0.0
603176,0.0
603177,0.0
603178,0.0
603179,0.0
603180,0.0
603181,0.0
603183,0.0
603185,0.0
603186,0.0
603187,0.0
603188,0.0
603189,0.0
603192,0.0
603195,0.0
603196,0.0
603197,0.0
603198,0.0
603199,0.0
603200,0.0
603203,0.0
603208,0.0
603212,0.0
603213,0.0
603214,0.0
603216,0.0
603217,0.0
603218,0.0
603219,0.0
603220,0.0
603221,0.0
603222,0.0
603223,0.0
603225,0.0
603226,0.0
603227,0.0
603228,0.0
603229,0.0
603230,0.0
603232,0.0
603233,0.0
603236,0.0
603238,0.0
603239,0.0
603256,0.0
603258,0.0
603259,0.0
603260,0.0
603266,0.0
603267,0.0
603268,0.0
603269,0.0
603277,0.0
603278,0.0
603279,0.0
603283,0.0
603286,0.0
603288,0.0
603289,0.0
603290,0.0
603297,0.0
603298,0.0
603299,0.0
603300,0.0
603301,0.0
603303,0.0
603305,0.0
603306,0.0
603308,0.0
603309,0.0
603311,0.0
603313,0.0
603315,0.0
603316,0.0
603317,0.0
603318,0.0
603319,0.0
603320,0.0
603321,0.0
603322,0.0
603323,0.0
603324,0.0
603326,0.0
603327,0.0
603328,-0.004463848095909243
603329,0.0
603330,0.0
603331,0.0
603332,0.0
603333,0.0
603335,0.0
603336,0.0
603337,0.0
603338,0.0
603339,0.0
603345,0.0
603348,0.0
603351,0.0
603353,0.0
603355,0.0
603356,0.0
603357,0.0
603358,0.0
603359,0.0
603360,0.0
603363,0.0
603365,0.0
603366,0.0
603367,0.0
603368,-0.004463848914153097
603369,0.0
603377,0.0
603378,0.0
603379,0.0
603380,0.0
603383,0.0
603385,0.0
603386,0.0
603387,0.0
603388,0.0
603389,0.0
603390,0.0
603392,0.0
603393,0.0
603396,0.0
603398,0.0
603399,0.0
603408,0.0
603416,0.0
603421,0.0
603429,0.0
603439,0.0
603444,0.0
603456,0.0
603458,0.0
603466,0.0
603477,0.0
603486,0.0
603488,0.0
603489,0.0
603496,0.0
603499,0.0
603500,0.0
603501,0.0
603505,0.0
603506,0.0
603507,0.0
603508,0.0
603511,0.0
603515,0.0
603516,0.0
603517,0.0
603518,0.0
603519,0.0
603520,0.0
603527,0.0
603528,0.0
603529,0.0
603530,0.0
603533,0.0
603535,0.0
603536,0.0
603538,0.0
603551,-0.004463848781593361
603555,0.0
603556,0.0
603557,0.0
603558,0.0
603559,0.0
603565,0.0
603566,0.0
603567,0.0
603568,0.0
603569,0.0
603577,0.0
603578,0.0
603579,0.0
603580,0.0
603583,0.0
603585,0.0
603586,0.0
603587,0.0
603588,0.0
603589,0.0
603590,0.0
603595,0.0
603596,0.0
603598,0.0
603599,0.0
603600,0.0
603601,0.0
603602,0.0
603603,0.0
603605,0.0
603606,0.0
603607,0.0
603608,0.0
603609,0.0
603610,0.0
603611,0.0
603612,0.0
603613,0.0
603615,0.0
603616,0.0
603617,0.0
603618,0.0
603619,0.0
603626,0.0
603628,0.0
603629,0.0
603630,0.0
603633,0.0
603636,-0.004463848867847189
603637,0.0
603638,0.0
603639,0.0
603648,0.0
603650,0.0
603655,0.0
603656,0.0
603657,0.0
603658,0.0
603659,0.0
603660,0.0
603661,0.0
603662,0.0
603663,0.0
603665,0.0
603666,0.0
603667,0.0
603668,0.0
603669,0.0
603676,0.0
603677,0.0
603678,0.0
603679,0.0
603680,0.0
603681,0.0
603682,0.0
603683,0.0
603685,0.0
603686,0.0
603687,0.0
603688,0.0
603689,0.0
603690,0.0
603693,0.0
603696,0.0
603697,0.0
603698,0.0
603699,0.0
603700,0.0
603701,0.0
603703,0.0
603706,0.0
603707,0.0
603708,0.0
603709,0.0
603711,0.0
603712,0.0
603713,0.0
603716,0.0
603717,0.0
603718,0.0
603719,0.0
603721,0.0
603722,0.0
603725,0.0
603726,0.0
603727,0.0
603728,0.0
603729,0.0
603730,0.0
603733,0.0
603737,0.0
603738,0.0
603739,0.0
603755,0.0
603757,0.0
603758,0.0
603759,0.0
603766,0.0
603767,0.0
603768,0.0
603773,0.0
603776,0.0
603777,0.0
603778,0.0
603779,0.0
603786,0.0
603787,0.0
603788,0.0
603789,0.0
603790,0.0
603797,0.0
603798,0.0
603799,0.0
603800,0.0
603801,0.0
603803,0.0
603806,0.0
603808,0.0
603809,0.0
603810,0.0
603811,0.0
603813,0.0
603815,-0.004463845026415079
603816,0.0
603817,0.0
603818,0.0
603819,0.0
603822,0.0
603823,0.0
603825,0.0
603826,0.0
603828,0.0
603829,0.0
603833,0.0
603836,0.0
603838,0.0
603839,-0.00446384874541442
603843,0.0
603848,0.0
603855,0.0
603856,0.0
603858,0.0
603859,0.0
603860,0.0
603861,0.0
603863,0.0
603866,0.0
603867,0.0
603868,0.0
603869,0.0
603871,0.0
603876,0.0
603877,0.0
603878,0.0
603879,0.0
603880,0.0
603881,0.0
603882,0.0
603883,0.0
603885,0.0
603886,0.0
603887,-0.004463848911356771
603888,0.0
603889,0.0
603890,0.0
603893,0.0
603895,0.0
603896,0.0
603897,0.0
603898,0.0
603899,0.0
603900,0.0
603901,0.0
603903,0.0
603906,0.0
603908,0.0
603909,0.0
603912,0.0
603915,0.0
603916,0.0
603917,0.0
603918,0.0
603919,0.0
603920,0.0
603922,0.0
603926,0.0
603927,0.0
603928,0.0
603929,0.0
603931,0.0
603933,0.0
603936,0.0
603937,0.0
603938,0.0
603939,0.0
603948,0.0
603949,0.0
603950,0.0
603955,0.0
603956,0.0
603958,0.0
603959,0.0
603960,0.0
603963,0.0
603966,0.0
603967,0.0
603968,0.0
603969,0.0
603970,0.0
603976,0.0
603977,0.0
603978,0.0
603979,0.0
603980,0.0
603982,0.0
603983,0.0
603985,0.0
603986,0.0
603987,0.0
603988,0.0
603989,0.0
603990,0.0
603991,0.0
603992,0.0
603993,0.0
603995,0.0
603996,0.0
603997,0.0
603998,0.0
603999,0.0
605001,0.0
605003,0.0
605005,0.0
605006,0.0
605007,0.0
605008,0.0
605009,0.0
605011,0.0
605016,0.0
605018,0.0
605020,0.0
605028,0.0
605033,0.0
605050,0.0
605055,0.0
605056,0.0
605058,0.0
605060,0.0
605066,0.0
605068,0.0
605069,0.0
605077,0.0
605080,0.0
605081,0.0
605086,0.0
605088,0.0
605089,0.0
605090,0.0
605098,0.0
605099,0.0
605100,0.0
605108,0.0
605111,0.0
605116,0.0
605117,0.0
605118,0.0
605122,0.0
605123,0.0
605128,0.0
605133,0.0
605136,0.0
605138,0.0
605151,0.0
605155,0.0
605158,0.0
605162,0.0
605166,0.0
605167,0.0
605168,0.0
605169,0.0
605177,0.0
605178,0.0
605179,0.0
605180,0.0
605183,0.0
605186,0.0
605188,0.0
605189,0.0
605196,0.0
605198,0.0
605199,0.0
605208,0.0
605218,0.0
605222,0.0
605228,0.0
605255,0.0
605258,0.0
605259,0.0
605266,0.0
605268,0.0
605277,0.0
605286,0.0
605287,0.0
605288,0.0
605289,0.0
605296,0.0
605298,0.0
605299,0.0
605300,0.0
605303,0.0
605305,0.0
605318,0.0
605319,0.0
605333,0.0
605336,0.0
605337,0.0
605338,0.0
605339,0.0
605358,0.0
605365,0.0
605366,0.0
605368,0.0
605369,0.0
605376,0.0
605377,0.0
605378,0.0
605388,0.0
605389,0.0
605398,0.0
605399,0.0
605488,0.0
605499,0.0
605500,0.0
605507,0.0
605555,0.0
605566,0.0
605567,0.0
605577,0.0
605580,0.0
605588,0.0
605589,0.0
605598,0.0
605599,0.0
688001,0.0
688002,0.0
688003,0.0
688004,0.0
688005,0.0
688006,0.0
688007,0.0
688008,0.0
688009,0.0
688010,0.0
688011,0.0
688012,0.0
688013,0.0
688015,0.0
688016,0.0
688017,0.0
688018,0.0
688019,0.0
688020,0.0
688021,0.0
688022,0.0
688023,0.0
688025,0.0
688026,0.0
688027,0.0
688028,0.0
688029,0.0
688030,0.0
688032,0.0
688033,0.0
688036,0.0
688037,0.0
688038,0.0
688039,0.0
688049,0.0
688050,0.0
688051,0.0
688055,0.0
688056,0.0
688057,0.0
688058,0.0
688059,0.0
688060,0.0
688063,0.0
688065,0.0
688066,0.0
688067,0.0
688068,0.0
688069,0.0
688070,0.0
688071,0.0
688075,0.0
688076,0.0
688077,0.0
688078,0.0
688079,0.0
688080,0.0
688081,0.0
688082,0.0
688083,0.0
688085,0.0
688086,0.0
688087,0.0
688088,0.0
688089,0.0
688090,0.0
688091,0.0
688092,0.0
688093,0.0
688095,0.0
688096,0.0
688097,0.0
688098,-0.0044638488733276666
688099,0.0
688100,0.0
688101,0.0
688103,0.0
688105,0.0
688106,0.0
688107,0.0
688108,0.0
688109,0.0
688110,0.0
688111,0.0
688112,0.0
688113,0.0
688116,0.0
688117,0.0
688118,0.0
688121,0.0
688122,0.0
688123,0.0
688126,0.0
688127,0.0
688128,0.0
688129,0.0
688131,0.0
688133,0.0
688135,0.0
688136,0.0
688138,0.0
688139,0.0
688148,0.0
688151,0.0
688155,0.0
688156,0.0
688157,0.0
688158,0.0
688159,0.0
688160,0.0
688161,0.0
688162,0.0
688165,0.0
688166,0.0
688167,0.0
688168,0.0
688169,0.0
688176,0.0
688177,0.0
688178,0.0
688179,0.0
688180,0.0
688181,0.0
688182,0.0
688183,0.0
688185,0.0
688186,0.0
688187,0.0
688188,0.0
688189,0.0
688190,0.0
688191,0.0
688192,0.0
688195,0.0
688196,0.0
688198,0.0
688199,0.0
688200,0.0
688201,0.0
688202,0.0
688206,0.0
688208,0.0
688210,0.0
688211,0.0
688212,0.0
688215,0.0
688216,0.0
688217,0.0
688218,0.0
688219,0.0
688221,0.0
688222,0.0
688226,0.0
688227,0.0
688228,0.0
688229,0.0
688230,0.0
688232,0.0
688233,0.0
688235,0.0
688236,0.0
688239,0.0
688246,0.0
688248,0.0
688255,0.0
688256,0.0
688257,0.0
688258,0.0
688260,0.0
688262,0.0
688265,0.0
688266,0.0
688268,0.0
688269,0.0
688272,0.0
688276,0.0
688277,0.0
688278,0.0
688280,0.0
688285,0.0
688286,0.0
688288,0.0
688289,0.0
688296,0.0
688298,0.0
688299,0.0
688300,0.0
688301,0.0
688303,0.0
688305,0.0
688308,0.0
688309,0.0
688310,0.0
688311,0.0
688312,0.0
688313,0.0
688314,0.0
688315,0.0
688316,0.0
688317,0.0
688318,0.0
688319,0.0
688321,0.0
688323,0.0
688328,0.0
688329,0.0
688330,0.0
688333,0.0
688335,0.0
688336,0.0
688338,0.0
688339,0.0
688345,0.0
688350,0.0
688355,0.0
688356,0.0
688357,0.0
688358,0.0
688359,0.0
688360,0.0
688363,0.0
688365,0.0
688366,0.0
688367,0.0
688368,0.0
688369,0.0
688377,0.0
688378,0.0
688379,0.0
688383,0.0
688385,0.0
688386,0.0
688388,0.0
688389,0.0
688390,0.0
688393,0.0
688395,0.0
688396,0.0
688398,0.0
688399,0.0
688408,0.0
688418,0.0
688425,0.0
688456,0.0
688466,0.0
688468,0.0
688488,0.0
688499,0.0
688500,0.0
688501,0.0
688505,0.0
688508,0.0
688509,0.0
688510,0.0
688511,0.0
688513,0.0
688516,0.0
688517,0.0
688518,0.0
688519,0.0
688520,0.0
688521,0.0
688526,0.0
688528,0.0
688529,0.0
688533,0.0
688536,0.0
688538,0.0
688550,0.0
688551,0.0
688553,0.0
688555,0.0
688556,0.0
688557,0.0
688558,0.0
688559,0.0
688560,0.0
688561,0.0
688565,0.0
688566,0.0
688567,0.0
688568,0.0
688569,0.0
688571,0.0
688575,0.0
688577,0.0
688578,0.0
688579,0.0
688580,0.0
688585,0.0
688586,0.0
688588,0.0
688589,0.0
688590,0.0
688595,0.0
688596,0.0
688597,0.0
688598,0.0
688599,0.0
688600,0.0
688601,0.0
688606,0.0
688607,0.0
688608,0.0
688609,0.0
688611,0.0
688613,0.0
688616,0.0
688617,0.0
688618,0.0
688619,0.0
688621,0.0
688622,0.0
688625,0.0
688626,0.0
688628,0.0
688630,0.0
688633,0.0
688636,0.0
688639,0.0
688655,0.0
688656,0.0
688658,0.0
688659,0.0
688660,0.0
688661,0.0
688662,0.0
688663,0.0
688665,0.0
688667,0.0
688668,0.0
688669,0.0
688670,0.0
688676,0.0
688677,0.0
688678,0.0
688679,0.0
688680,0.0
688681,0.0
688682,0.0
688683,0.0
688685,0.0
688686,0.0
688687,0.0
688689,0.0
688690,0.0
688696,0.0
688697,0.0
688698,0.0
688699,0.0
688700,0.0
688701,0.0
688707,0.0
688711,0.0
688718,0.0
688722,0.0
688728,0.0
688733,0.0
688737,0.0
688739,0.0
688766,0.0
688767,0.0
688768,0.0
688772,0.0
688776,0.0
688777,0.0
688778,0.0
688779,0.0
688786,0.0
688787,0.0
688788,0.0
688789,0.0
688793,0.0
688798,0.0
688799,0.0
688800,0.0
688819,0.0
688981,0.0
689009,0.0
